<?xml version="1.0" encoding="UTF-8" ?>

<!--<!DOCTYPE relacion SYSTEM "ej2.dtd"-->

<libro Catalogo="1">
    <Titulo>Los juegos del hambre</Titulo>
    <Seccion>1</Seccion>
    <Subseccion>1.3</Subseccion>
    <Contenido>
        <Capitulo materia="XML">
            <Tema>3</Tema>
            <Tema>4</Tema>
        </Capitulo>
        <Capitulo materia="XML">
            <Tema>5</Tema>
            <Tema>6</Tema>
        </Capitulo>
    </Contenido>
    <Copyright>derechos de autor</Copyright>
</libro>